{
    "name": "root",
    "metadata": {
        "timer_format_version": "0.1.0",
        "start_time_seconds": "1730531146",
        "python_version": "3.10.12 (main, Jul  5 2023, 15:02:25) [Clang 14.0.6 ]",
        "command_line_arguments": "/opt/anaconda3/envs/mlagents/bin/mlagents-learn ./Project/Assets/config/move_pan_agent_config.yaml --run-id=MovePan --force",
        "mlagents_version": "1.1.0.dev0",
        "mlagents_envs_version": "1.1.0.dev0",
        "communication_protocol_version": "1.5.0",
        "pytorch_version": "2.5.1",
        "numpy_version": "1.23.5",
        "end_time_seconds": "1730531263"
    },
    "total": 116.7936254160013,
    "count": 1,
    "self": 0.01510499999858439,
    "children": {
        "run_training.setup": {
            "total": 0.018434833036735654,
            "count": 1,
            "self": 0.018434833036735654
        },
        "TrainerController.start_learning": {
            "total": 116.76008558296598,
            "count": 1,
            "self": 0.04616727214306593,
            "children": {
                "TrainerController._reset_env": {
                    "total": 12.121245707850903,
                    "count": 1,
                    "self": 12.121245707850903
                },
                "TrainerController.advance": {
                    "total": 104.31065485300496,
                    "count": 4886,
                    "self": 0.04122606199234724,
                    "children": {
                        "env_step": {
                            "total": 101.82263447414152,
                            "count": 4886,
                            "self": 100.228686691029,
                            "children": {
                                "SubprocessEnvManager._take_step": {
                                    "total": 1.5653287570457906,
                                    "count": 4886,
                                    "self": 0.11023622541688383,
                                    "children": {
                                        "TorchPolicy.evaluate": {
                                            "total": 1.4550925316289067,
                                            "count": 4886,
                                            "self": 1.4550925316289067
                                        }
                                    }
                                },
                                "workers": {
                                    "total": 0.028619026066735387,
                                    "count": 4885,
                                    "self": 0.0,
                                    "children": {
                                        "worker_root": {
                                            "total": 42.42649717675522,
                                            "count": 4885,
                                            "is_parallel": true,
                                            "self": 6.792557441163808,
                                            "children": {
                                                "steps_from_proto": {
                                                    "total": 0.002341624815016985,
                                                    "count": 1,
                                                    "is_parallel": true,
                                                    "self": 0.0002878329250961542,
                                                    "children": {
                                                        "_process_rank_one_or_two_observation": {
                                                            "total": 0.0020537918899208307,
                                                            "count": 4,
                                                            "is_parallel": true,
                                                            "self": 0.0020537918899208307
                                                        }
                                                    }
                                                },
                                                "UnityEnvironment.step": {
                                                    "total": 35.631598110776395,
                                                    "count": 4885,
                                                    "is_parallel": true,
                                                    "self": 0.1576634654775262,
                                                    "children": {
                                                        "UnityEnvironment._generate_step_input": {
                                                            "total": 0.2899238283280283,
                                                            "count": 4885,
                                                            "is_parallel": true,
                                                            "self": 0.2899238283280283
                                                        },
                                                        "communicator.exchange": {
                                                            "total": 34.22132859821431,
                                                            "count": 4885,
                                                            "is_parallel": true,
                                                            "self": 34.22132859821431
                                                        },
                                                        "steps_from_proto": {
                                                            "total": 0.9626822187565267,
                                                            "count": 4885,
                                                            "is_parallel": true,
                                                            "self": 0.1745237992145121,
                                                            "children": {
                                                                "_process_rank_one_or_two_observation": {
                                                                    "total": 0.7881584195420146,
                                                                    "count": 19540,
                                                                    "is_parallel": true,
                                                                    "self": 0.7881584195420146
                                                                }
                                                            }
                                                        }
                                                    }
                                                }
                                            }
                                        }
                                    }
                                }
                            }
                        },
                        "trainer_advance": {
                            "total": 2.4467943168710917,
                            "count": 4885,
                            "self": 0.055056148674339056,
                            "children": {
                                "process_trajectory": {
                                    "total": 0.16044192458502948,
                                    "count": 4885,
                                    "self": 0.16044192458502948
                                },
                                "_update_policy": {
                                    "total": 2.231296243611723,
                                    "count": 39,
                                    "self": 0.3243928705342114,
                                    "children": {
                                        "TorchPPOOptimizer.update": {
                                            "total": 1.9069033730775118,
                                            "count": 1377,