{
    "name": "root",
    "gauges": {
        "Game2048.Policy.Entropy.mean": {
            "value": 1.344411015510559,
            "min": 1.344411015510559,
            "max": 1.385800838470459,
            "count": 8
        },
        "Game2048.Policy.Entropy.sum": {
            "value": 13422.599609375,
            "min": 13422.599609375,
            "max": 13924.52734375,
            "count": 8
        },
        "Game2048.Step.mean": {
            "value": 79936.0,
            "min": 9984.0,
            "max": 79936.0,
            "count": 8
        },
        "Game2048.Step.sum": {
            "value": 79936.0,
            "min": 9984.0,
            "max": 79936.0,
            "count": 8
        },
        "Game2048.Policy.ExtrinsicValueEstimate.mean": {
            "value": 387.90240478515625,
            "min": 0.3520432412624359,
            "max": 387.90240478515625,
            "count": 8
        },
        "Game2048.Policy.ExtrinsicValueEstimate.sum": {
            "value": 60512.7734375,
            "min": 54.91874694824219,
            "max": 60512.7734375,
            "count": 8
        },
        "Game2048.IsTraining.mean": {
            "value": 1.0,
            "min": 1.0,
            "max": 1.0,
            "count": 8
        },
        "Game2048.IsTraining.sum": {
            "value": 1.0,
            "min": 1.0,
            "max": 1.0,
            "count": 8
        },
        "Game2048.Losses.PolicyLoss.mean": {
            "value": 0.09884903947195263,
            "min": 0.09869923301252491,
            "max": 0.10764510035746011,
            "count": 6
        },
        "Game2048.Losses.PolicyLoss.sum": {
            "value": 0.09884903947195263,
            "min": 0.09869923301252491,
            "max": 0.10764510035746011,
            "count": 6
        },
        "Game2048.Losses.ValueLoss.mean": {
            "value": 3304.7248253788507,
            "min": 3281.673586365179,
            "max": 4884.298564072196,
            "count": 6
        },
        "Game2048.Losses.ValueLoss.sum": {
            "value": 3304.7248253788507,
            "min": 3281.673586365179,
            "max": 4884.298564072196,
            "count": 6
        },
        "Game2048.Policy.LearningRate.mean": {
            "value": 0.0002956684814438399,
            "min": 0.0002956684814438399,
            "max": 0.00029927808024063997,
            "count": 6
        },
        "Game2048.Policy.LearningRate.sum": {
            "value": 0.0002956684814438399,
            "min": 0.0002956684814438399,
            "max": 0.00029927808024063997,
            "count": 6
        },
        "Game2048.Policy.Epsilon.mean": {
            "value": 0.19855616000000004,
            "min": 0.19855616000000004,
            "max": 0.19975936000000005,
            "count": 6
        },
        "Game2048.Policy.Epsilon.sum": {
            "value": 0.19855616000000004,
            "min": 0.19855616000000004,
            "max": 0.19975936000000005,
            "count": 6
        },
        "Game2048.Policy.Beta.mean": {
            "value": 0.0009857059839999999,
            "min": 0.0009857059839999999,
            "max": 0.000997617664,
            "count": 6
        },
        "Game2048.Policy.Beta.sum": {
            "value": 0.0009857059839999999,
            "min": 0.0009857059839999999,
            "max": 0.000997617664,
            "count": 6
        }
    },
    "metadata": {
        "timer_format_version": "0.1.0",
        "start_time_seconds": "1736252167",
        "python_version": "3.10.12 (main, Jul  5 2023, 15:02:25) [Clang 14.0.6 ]",
        "command_line_arguments": "/opt/anaconda3/envs/mlagents/bin/mlagents-learn config/2048_config.yaml --run-id=2048_01",
        "mlagents_version": "1.2.0.dev0",
        "mlagents_envs_version": "1.2.0.dev0",
        "communication_protocol_version": "1.5.0",
        "pytorch_version": "2.5.1",
        "numpy_version": "1.23.5",
        "end_time_seconds": "1736252542"
    },
    "total": 374.4975736669876,
    "count": 1,
    "self": 0.0038199169794097543,
    "children": {
        "run_training.setup": {
            "total": 0.2630589170003077,
            "count": 1,
            "self": 0.2630589170003077
        },
        "TrainerController.start_learning": {
            "total": 374.2306948330079,
            "count": 1,
            "self": 0.7268020781193627,
            "children": {
                "TrainerController._reset_env": {
                    "total": 8.334017083994695,
                    "count": 1,
                    "self": 8.334017083994695
                },
                "TrainerController.advance": {
                    "total": 364.579655921887,
                    "count": 84224,
                    "self": 0.6490640622214414,
                    "children": {
                        "env_step": {
                            "total": 350.3598084504338,
                            "count": 84224,
                            "self": 314.8472347221832,
                            "children": {
                                "SubprocessEnvManager._take_step": {
                                    "total": 34.998322561208624,
                                    "count": 84224,
                                    "self": 1.4759307954082033,
                                    "children": {
                                        "TorchPolicy.evaluate": {
                                            "total": 33.52239176580042,
                                            "count": 84224,
                                            "self": 33.52239176580042
                                        }
                                    }
                                },
                                "workers": {
                                    "total": 0.5142511670419481,
                                    "count": 84224,
                                    "self": 0.0,
                                    "children": {
                                        "worker_root": {
                                            "total": 364.2584467927227,
                                            "count": 84224,
                                            "is_parallel": true,
                                            "self": 83.93655951881374,
                                            "children": {
                                                "steps_from_proto": {
                                                    "total": 0.0018022909935098141,
                                                    "count": 1,
                                                    "is_parallel": true,
                                                    "self": 0.0007349569932557642,
                                                    "children": {
                                                        "_process_rank_one_or_two_observation": {
                                                            "total": 0.00106733400025405,
                                                            "count": 2,
                                                            "is_parallel": true,
                                                            "self": 0.00106733400025405
                                                        }
                                                    }
                                                },
                                                "UnityEnvironment.step": {
                                                    "total": 280.32008498291543,
                                                    "count": 84224,
                                                    "is_parallel": true,
                                                    "self": 2.166331821543281,