{
    "name": "root",
    "gauges": {
        "RollingBall1.Policy.Entropy.mean": {
            "value": 1.0741640329360962,
            "min": 1.0741640329360962,
            "max": 1.4089453220367432,
            "count": 19
        },
        "RollingBall1.Policy.Entropy.sum": {
            "value": 10744.86328125,
            "min": 10744.86328125,
            "max": 14089.453125,
            "count": 19
        },
        "RollingBall1.Environment.EpisodeLength.mean": {
            "value": 4.7422502870264065,
            "min": 3.0160642570281126,
            "max": 9.267214799588901,
            "count": 19
        },
        "RollingBall1.Environment.EpisodeLength.sum": {
            "value": 8261.0,
            "min": 7510.0,
            "max": 9017.0,
            "count": 19
        },
        "RollingBall1.Step.mean": {
            "value": 189998.0,
            "min": 9998.0,
            "max": 189998.0,
            "count": 19
        },
        "RollingBall1.Step.sum": {
            "value": 189998.0,
            "min": 9998.0,
            "max": 189998.0,
            "count": 19
        },
        "RollingBall1.Policy.ExtrinsicValueEstimate.mean": {
            "value": 0.5627781748771667,
            "min": -0.8212663531303406,
            "max": 0.5919297337532043,
            "count": 19
        },
        "RollingBall1.Policy.ExtrinsicValueEstimate.sum": {
            "value": 984.8617553710938,
            "min": -1999.7835693359375,
            "max": 1033.50927734375,
            "count": 19
        },
        "RollingBall1.Environment.CumulativeReward.mean": {
            "value": 0.5289494878731146,
            "min": -0.8043654779389164,
            "max": 0.5359557514218078,
            "count": 19
        },
        "RollingBall1.Environment.CumulativeReward.sum": {
            "value": 921.4300078749657,
            "min": -1958.6299387812614,
            "max": 932.5630074739456,
            "count": 19
        },
        "RollingBall1.Policy.ExtrinsicReward.mean": {
            "value": 0.5289494878731146,
            "min": -0.8043654779389164,
            "max": 0.5359557514218078,
            "count": 19
        },
        "RollingBall1.Policy.ExtrinsicReward.sum": {
            "value": 921.4300078749657,
            "min": -1958.6299387812614,
            "max": 932.5630074739456,
            "count": 19
        },
        "RollingBall1.Losses.PolicyLoss.mean": {
            "value": 0.23502602428989935,
            "min": 0.23147371032849326,
            "max": 0.25421272413148366,
            "count": 19
        },
        "RollingBall1.Losses.PolicyLoss.sum": {
            "value": 22.09244628325054,
            "min": 21.189725876547683,
            "max": 23.895996068359466,
            "count": 19
        },
        "RollingBall1.Losses.ValueLoss.mean": {
            "value": 0.18033004261496735,
            "min": 0.17138122001696462,
            "max": 0.38305046241849694,
            "count": 19
        },
        "RollingBall1.Losses.ValueLoss.sum": {
            "value": 16.951024005806932,
            "min": 16.452597121628603,
            "max": 35.3270754493795,
            "count": 19
        },
        "RollingBall1.Policy.LearningRate.mean": {
            "value": 0.0001890142455059021,
            "min": 0.0001890142455059021,
            "max": 0.00029697624224503296,
            "count": 19
        },
        "RollingBall1.Policy.LearningRate.sum": {
            "value": 0.0177673390775548,
            "min": 0.0177673390775548,
            "max": 0.0288066954977682,
            "count": 19
        },
        "RollingBall1.Policy.Epsilon.mean": {
            "value": 0.1630047361702128,
            "min": 0.1630047361702128,
            "max": 0.19899208041237115,
            "count": 19
        },
        "RollingBall1.Policy.Epsilon.sum": {
            "value": 15.322445200000002,
            "min": 15.322445200000002,
            "max": 19.3022318,
            "count": 19
        },
        "RollingBall1.Policy.Beta.mean": {
            "value": 0.0005000000000000001,
            "min": 0.0005000000000000001,
            "max": 0.0005000000000000002,
            "count": 19
        },
        "RollingBall1.Policy.Beta.sum": {
            "value": 0.047000000000000014,
            "min": 0.04300000000000001,
            "max": 0.04850000000000002,
            "count": 19
        },
        "RollingBall1.IsTraining.mean": {
            "value": 1.0,
            "min": 1.0,
            "max": 1.0,
            "count": 19
        },
        "RollingBall1.IsTraining.sum": {
            "value": 1.0,
            "min": 1.0,
            "max": 1.0,
            "count": 19
        }
    },
    "metadata": {
        "timer_format_version": "0.1.0",
        "start_time_seconds": "1730564073",
        "python_version": "3.10.12 (main, Jul  5 2023, 15:02:25) [Clang 14.0.6 ]",
        "command_line_arguments": "/opt/anaconda3/envs/mlagents/bin/mlagents-learn ./Project/Assets/config/RollingBall1_config.yaml --run-id=RollingBall1",
        "mlagents_version": "1.1.0.dev0",
        "mlagents_envs_version": "1.1.0.dev0",
        "communication_protocol_version": "1.5.0",
        "pytorch_version": "2.5.1",
        "numpy_version": "1.23.5",
        "end_time_seconds": "1730565299"
    },
    "total": 1226.174202250084,
    "count": 1,
    "self": 0.009025791892781854,
    "children": {
        "run_training.setup": {
            "total": 0.024935708148404956,
            "count": 1,
            "self": 0.024935708148404956
        },
        "TrainerController.start_learning": {
            "total": 1226.1402407500427,
            "count": 1,
            "self": 2.062771628377959,
            "children": {
                "TrainerController._reset_env": {
                    "total": 10.4099312920589,
                    "count": 1,
                    "self": 10.4099312920589
                },
                "TrainerController.advance": {
                    "total": 1213.5289653297514,
                    "count": 223512,
                    "self": 1.8091039990540594,
                    "children": {
                        "env_step": {
                            "total": 1098.631309691351,
                            "count": 223512,
                            "self": 1034.8648441096302,
                            "children": {
                                "SubprocessEnvManager._take_step": {
                                    "total": 62.381249997066334,
                                    "count": 223512,
                                    "self": 4.2833193151745945,
                                    "children": {
                                        "TorchPolicy.evaluate": {
                                            "total": 58.09793068189174,
                                            "count": 194666,
                                            "self": 58.09793068189174
                                        }
                                    }
                                },
                                "workers": {
                                    "total": 1.385215584654361,
                                    "count": 223511,
                                    "self": 0.0,
                                    "children": {
                                        "worker_root": {
                                            "total": 1152.0334180560894,
                                            "count": 223511,
                                            "is_parallel": true,
                                            "self": 268.5275588030927,
                                            "children": {
                                                "steps_from_proto": {
                                                    "total": 0.002174082910642028,
                                                    "count": 1,