{
    "name": "root",
    "gauges": {
        "SnakeAgent.Policy.Entropy.mean": {
            "value": 0.4492306113243103,
            "min": 0.4492306113243103,
            "max": 0.7022473216056824,
            "count": 11
        },
        "SnakeAgent.Policy.Entropy.sum": {
            "value": 4490.50927734375,
            "min": 4490.50927734375,
            "max": 7023.8779296875,
            "count": 11
        },
        "SnakeAgent.Environment.EpisodeLength.mean": {
            "value": 12.637107776261937,
            "min": 8.29553903345725,
            "max": 13.049226441631506,
            "count": 11
        },
        "SnakeAgent.Environment.EpisodeLength.sum": {
            "value": 9263.0,
            "min": 8926.0,
            "max": 9296.0,
            "count": 11
        },
        "SnakeAgent.Step.mean": {
            "value": 109991.0,
            "min": 9984.0,
            "max": 109991.0,
            "count": 11
        },
        "SnakeAgent.Step.sum": {
            "value": 109991.0,
            "min": 9984.0,
            "max": 109991.0,
            "count": 11
        },
        "SnakeAgent.Policy.ExtrinsicValueEstimate.mean": {
            "value": 0.1436573565006256,
            "min": -0.23566102981567383,
            "max": 0.1436573565006256,
            "count": 11
        },
        "SnakeAgent.Policy.ExtrinsicValueEstimate.sum": {
            "value": 105.30084228515625,
            "min": -253.33560180664062,
            "max": 105.30084228515625,
            "count": 11
        },
        "SnakeAgent.Environment.CumulativeReward.mean": {
            "value": 1.805006842333493,
            "min": 0.43711318620415623,
            "max": 1.805006842333493,
            "count": 11
        },
        "SnakeAgent.Environment.CumulativeReward.sum": {
            "value": 1323.0700154304504,
            "min": 469.8966751694679,
            "max": 1323.0700154304504,
            "count": 11
        },
        "SnakeAgent.Policy.ExtrinsicReward.mean": {
            "value": 1.805006842333493,
            "min": 0.43711318620415623,
            "max": 1.805006842333493,
            "count": 11
        },
        "SnakeAgent.Policy.ExtrinsicReward.sum": {
            "value": 1323.0700154304504,
            "min": 469.8966751694679,
            "max": 1323.0700154304504,
            "count": 11
        },
        "SnakeAgent.Losses.PolicyLoss.mean": {
            "value": 0.24111755763916637,
            "min": 0.2341748025862217,
            "max": 0.24999839501624294,
            "count": 11
        },
        "SnakeAgent.Losses.PolicyLoss.sum": {
            "value": 22.423932860442473,
            "min": 21.309907035346175,
            "max": 22.99985234149435,
            "count": 11
        },
        "SnakeAgent.Losses.ValueLoss.mean": {
            "value": 0.8946859040527038,
            "min": 0.6879563668278138,
            "max": 1.0865775595108667,
            "count": 11
        },
        "SnakeAgent.Losses.ValueLoss.sum": {
            "value": 83.20578907690145,
            "min": 63.291985748158865,
            "max": 98.87855791548887,
            "count": 11
        },
        "SnakeAgent.Policy.LearningRate.mean": {
            "value": 0.00023700815648115912,
            "min": 0.00023700815648115912,
            "max": 0.0002970151640384238,
            "count": 11
        },
        "SnakeAgent.Policy.LearningRate.sum": {
            "value": 0.022041758552747797,
            "min": 0.022041758552747797,
            "max": 0.027325395091534994,
            "count": 11
        },
        "SnakeAgent.Policy.Epsilon.mean": {
            "value": 0.179002711827957,
            "min": 0.179002711827957,
            "max": 0.19900505434782606,
            "count": 11
        },
        "SnakeAgent.Policy.Epsilon.sum": {
            "value": 16.6472522,
            "min": 16.472187400000003,
            "max": 18.308464999999998,
            "count": 11
        },
        "SnakeAgent.Policy.Beta.mean": {
            "value": 0.0005000000000000001,
            "min": 0.0005000000000000001,
            "max": 0.0005000000000000001,
            "count": 11
        },
        "SnakeAgent.Policy.Beta.sum": {
            "value": 0.046500000000000014,
            "min": 0.04550000000000001,
            "max": 0.046500000000000014,
            "count": 11
        },
        "SnakeAgent.IsTraining.mean": {
            "value": 1.0,
            "min": 1.0,
            "max": 1.0,
            "count": 11
        },
        "SnakeAgent.IsTraining.sum": {
            "value": 1.0,
            "min": 1.0,
            "max": 1.0,
            "count": 11
        }
    },
    "metadata": {
        "timer_format_version": "0.1.0",
        "start_time_seconds": "1728470838",
        "python_version": "3.10.12 (main, Jul  5 2023, 15:02:25) [Clang 14.0.6 ]",
        "command_line_arguments": "/opt/anaconda3/envs/mlagents/bin/mlagents-learn ./Project/Assets/config/snake_agent_config.yaml --run-id=SnakeAgent --force",
        "mlagents_version": "1.1.0.dev0",
        "mlagents_envs_version": "1.1.0.dev0",
        "communication_protocol_version": "1.5.0",
        "pytorch_version": "2.4.1",
        "numpy_version": "1.23.5",
        "end_time_seconds": "1728471863"
    },
    "total": 1025.4380020419921,
    "count": 1,
    "self": 0.006530498998472467,
    "children": {
        "run_training.setup": {
            "total": 0.03260020900052041,
            "count": 1,
            "self": 0.03260020900052041
        },
        "TrainerController.start_learning": {
            "total": 1025.3988713339932,
            "count": 1,
            "self": 1.218469904968515,
            "children": {
                "TrainerController._reset_env": {
                    "total": 39.96558175000246,
                    "count": 1,
                    "self": 39.96558175000246
                },
                "TrainerController.advance": {
                    "total": 984.0457523040241,
                    "count": 127696,
                    "self": 1.0893341766495723,
                    "children": {
                        "env_step": {
                            "total": 687.5230480098398,
                            "count": 127696,
                            "self": 583.722546013043,
                            "children": {
                                "SubprocessEnvManager._take_step": {
                                    "total": 103.01020661287475,
                                    "count": 127696,
                                    "self": 2.1489255137130385,
                                    "children": {
                                        "TorchPolicy.evaluate": {
                                            "total": 100.86128109916172,
                                            "count": 118539,
                                            "self": 100.86128109916172
                                        }
                                    }
                                },
                                "workers": {
                                    "total": 0.7902953839220572,
                                    "count": 127695,
                                    "self": 0.0,
                                    "children": {
                                        "worker_root": {
                                            "total": 981.1806941860996,
                                            "count": 127695,
                                            "is_parallel": true,
                                            "self": 454.47520091812476,
                                            "children": {
                                                "steps_from_proto": {
                                                    "total": 0.003593125002225861,
                                                    "count": 1,
                                                    "is_parallel": true,